{
  "project_info": {
    "project_number": "84997227556",
    "project_id": "my-diary-project-381fd",
    "storage_bucket": "my-diary-project-381fd.appspot.com"
  },
  "client": [
    {
      "client_info": {
        "mobilesdk_app_id": "1:84997227556:android:802c82641b5c13dab984b1",
        "android_client_info": {
          "package_name": "com.example.mydiaryproject"
        }
      },
      "oauth_client": [
        {
          "client_id": "84997227556-vv5ev9hd47s2stvrcnrg3bpndbruoovu.apps.googleusercontent.com",
          "client_type": 3
        }
      ],
      "api_key": [
        {
          "current_key": "AIzaSyBoaeA7jsITLEtjj4fCwW2a8MVSR6oLl2c"
        }
      ],
      "services": {
        "appinvite_service": {
          "other_platform_oauth_client": [
            {
              "client_id": "84997227556-vv5ev9hd47s2stvrcnrg3bpndbruoovu.apps.googleusercontent.com",
              "client_type": 3
            }
          ]
        }
      }
    }
  ],
  "configuration_version": "1"
}